Fondant au chocolat,"Ingrédients : oeuf, farine, beurre, chocolat, sucre. Faire fondre le chocolat et le beurre au bain marie à feu doux, ou au micro ondes sur le programme...",15 min,20 min,5 / 5,(811 votes),false
Mousse au chocolat facile,"Ingrédients : oeuf, sucre vanillé, chocolat. Faire ramollir le chocolat dans une terrine. Incorporer les jaunes et le sucre. Puis, battre les blancs en...",10 min,"",5 / 5,(687 votes),false
Cake au chocolat,"Ingrédients : Poudre d'amande, oeuf, levure, sucre en poudre, farine, beurre, chocolat pâtissier. Faire fondre le chocolat (en morceaux) au bain-marie ...",15 min,30 min,5 / 5,(469 votes),false
Truffes au chocolat,"Ingrédients : oeuf, chocolat noir, sucre vanillé, beurre, cacao, sucre glace. Casser le chocolat en petits morceaux dans un plat résistant à la chaleur...",30 min,"",5 / 5,(211 votes),false
Moelleux au chocolat,"Ingrédients : oeuf, farine, beurre, chocolat, sucre glace. faire fondre le chocolat. Ajouter le beurre en morceaux peu à peu et l'incorporer pour obten...",15 min,10 min,5 / 5,(161 votes),false
Chocolat Liégeois, de chocolat dessert à 64% cacao Carrefour - 1/2 sachet de sucre vanillé - 1 petite cuillère à soupe de crème fraiche à 30% de matières grasses Carrefo...,1 h 10 min,10 min,0 / 5,(0 vote),false
Chocolat des neiges,"Ingrédients : lait, boudoir, chocolat noir, beurre, noix de coco, sucre. Le lait, le beurre, le sucre à mélanger et faire chauffer. Ajouter le chocolat...",10 min,"",5 / 5,(130 votes),false
Cookies tout chocolat,"Ingrédients : oeuf, levure, farine, cassonade, sucre vanillé, beurre, cacao, sel, chocolat. Incorporer le sucre roux au beurre travaillé en pommade (bi...",10 min,8 min,5 / 5,(129 votes),false
Pavé au chocolat,"Ingrédients : oeuf, farine, beurre, chocolat, sucre. Dans une casserole, faites fondre le chocolat et le beurre en morceaux. Mélangez le sucre et les o...",10 min,15 min,5 / 5,(127 votes),false
Charlotte au chocolat,"Ingrédients : biscuits à la cuillère, oeuf, lait, beurre, crème fraîche liquide, rhum, chocolat pâtissier, sucre glace. Beurrer légèrement un moule à c...",45 min,"",5 / 5,(122 votes),false
Ramequins fondants au chocolat,"Ingrédients : oeuf, farine, chocolat noir, beurre, sucre. Faites fondre dans une casserole le chocolat et le beurre, en remuant régulièrement pour form...",10 min,12 min,5 / 5,(2534 votes),false
Tarte au chocolat,"Ingrédients : - 1 pâte sablée légèrement vanillée Carrefour - 1 œuf de poule élevée en plein air, gros calibre Carrefour - 200 g de chocolat dessert 64...",25 min,15 min,0 / 5,(0 vote),false
Tiramisu aux fraises,"Ingrédients : biscuits à la cuillère, citron, oeuf, mascarpone, fraise, sucre. Préparer 2 h à l'avance. Placer les biscuits dans un plat. Laver, équeut...",20 min,"",5 / 5,(440 votes),false
Charlotte aux fraises,"Ingrédients : moules, boudoir, gervita, Alcools, fraise, sucre. Equeutez les fraises, coupez- les en grands morceaux. Placez le film plastique dans le ...",15 min,"",5 / 5,(139 votes),false
'the' tarte aux fraises,. Former une boule avec les paumes et fraiser 1 ou 2 fois pour rendre la boule + homogène. Foncer... et disposer joliment les fraises coupées en 2. ......,15 min,10 min,5 / 5,(360 votes),false
Bricks au chèvre frais et à la tapenade,"Ingrédients : paprika, ciboulette, tomate, tapenade verte, chèvre frais, brick, ail. Préparer un concassé de tomate et d'ail. Prendre 2 feuilles de bri...",10 min,5 min,5 / 5,(295 votes),false
Verrine fraîcheur au carré frais,"Ingrédients : poivre, couteau, saumon fumé, crème fleurette, jus de citron, carré frais, oeufs de saumon, avocat, aneth, sel, maïs, surimi. Dans vos qu...",20 min,"",5 / 5,(272 votes),false
Sorbet fraise,Ingrédients : - 500 g de fraises rondes - 1/2 citron jaune Carrefour bio - 1 œuf Origine & Qualité Carrefour L'épicerie de base : - 175 g de sucre blon...,2 h 10 min,"",0 / 5,(0 vote),false
"""The"" charlotte aux fraises",", crème liquide, gélatine, fraise. Préparer un sirop en portant à ébullition 15 cl d'eau et 80 g de sucre. Oter du feu et laisser refroidir, ensuite y ...",1 h,"",5 / 5,(161 votes),false
Bavarois aux fraises sur génoise,"Ingrédients : citron, oeuf, farine, crème liquide, gélatine, coulis, fraise, sucre. Attention, cette recette est à faire la veille! Tout d'abord, avoir...",2 h,30 min,5 / 5,(159 votes),false
Tiramisu fraises et speculoos," des coupes à dessert individuelles) : Déposez une couche de fraises au fond de la coupe, ajoutez 1 couche de crème au mascarpone puis saupoudrez de sp...",30 min,"",5 / 5,(104 votes),false
Tagliatelles au saumon frais,"Ingrédients : poivre, parmesan râpé, crême fraîche, beurre, sel, tagliatelle fraîche, saumon frais. Cuire les pâtes à l'eau bouillante salée selon le t...",30 min,30 min,5 / 5,(103 votes),false
Trifle aux fraises,"Ingrédients : biscuits à la cuillère, oeuf, fromage blanc, fraise, sucre. Mélanger le fromage blanc et le sucre. Battre au fouet quelques minutes pour ...",20 min,"",5 / 5,(75 votes),false
